run_id,case_id,variation_id,attempt,feature,test_level,priority,role,fixture_ids,started_at,finished_at,status,expected_result_reference,actual_result,evidence_paths,issue_ids,blocker_reason,cleanup_state
2026-09-30-01,NAV-006,CREATOR-home-direct-reload,1,"Routes, roles and navigation",browser E2E,P1,CREATOR,,2026-09-30T09:52:28.937177+00:00,2026-09-30T09:52:28.937177+00:00,Pass,NAV-006,Direct-load /app and reload resolve to Creator Dashboard. Sidebar displays Creator management destinations and CREATOR account role. Initial authentication briefly shows public navbar before profile resolves.,evidence/navigation.md,,,No cleanup required
2026-09-30-01,NAV-014,CREATOR-Customers-link,1,"Routes, roles and navigation",browser E2E,P1,CREATOR,,2026-09-30T09:52:58.963158+00:00,2026-09-30T09:52:58.963158+00:00,Pass,NAV-014,"Sidebar Customers link opens /app/customers; loading resolves to controls, 0 customers and No customers yet.",evidence/navigation.md,,,No cleanup required
2026-09-30-01,NAV-014,CREATOR-Sales-link,1,"Routes, roles and navigation",browser E2E,P1,CREATOR,,2026-09-30T09:53:20.697571+00:00,2026-09-30T09:53:20.697571+00:00,Pass,NAV-014,Sidebar Sales opens /app/sales with Sales heading and empty order state.,evidence/navigation.md,,,No cleanup required
2026-09-30-01,NAV-014,CREATOR-Analytics-link,1,"Routes, roles and navigation",browser E2E,P1,CREATOR,,2026-09-30T09:53:20.697782+00:00,2026-09-30T09:53:20.697782+00:00,Pass,NAV-014,"Sidebar Analytics opens /app/analytics; Last 30 days selector, Revenue/Orders/Customers zero summary and performance sections render.",evidence/navigation.md,,,No cleanup required
2026-09-30-01,NAV-014,CREATOR-Settings-link,1,"Routes, roles and navigation",browser E2E,P1,CREATOR,,2026-09-30T09:53:46.361937+00:00,2026-09-30T09:53:46.361937+00:00,Pass,NAV-014,Settings link opens /app/settings with Public Profile form and seven settings tabs.,evidence/navigation.md,,,No cleanup required
2026-09-30-01,NAV-014,CREATOR-Storefront-link,1,"Routes, roles and navigation",browser E2E,P1,CREATOR,,2026-09-30T09:53:46.362261+00:00,2026-09-30T09:53:46.362261+00:00,Pass,NAV-014,"Storefront link opens /app/storefront; sidebar collapses; Storefront Builder shows saved config, zero public products and nine draft/hidden products.",evidence/navigation.md,,,No cleanup required
2026-09-30-01,NAV-004,CREATOR-library-denial,1,"Routes, roles and navigation",browser E2E,P1,CREATOR,,2026-09-30T09:54:05.597578+00:00,2026-09-30T09:54:05.597578+00:00,Pass,NAV-004,Direct /app/library redirects to /unauthorized showing 401 - Unauthorized and Login link.,evidence/navigation.md,,,No cleanup required
2026-09-30-01,NAV-004,CREATOR-admin-denial,1,"Routes, roles and navigation",browser E2E,P1,CREATOR,,2026-09-30T09:54:20.554489+00:00,2026-09-30T09:54:20.554489+00:00,Pass,NAV-004,Direct /app/admin redirects to /unauthorized showing 401 - Unauthorized and Login link.,evidence/navigation.md,,,No cleanup required
2026-09-30-01,NAV-014,CREATOR-Products-direct,1,"Routes, roles and navigation",browser E2E,P1,CREATOR,,2026-09-30T09:54:58.390423+00:00,2026-09-30T09:54:58.390423+00:00,Pass,NAV-014,Direct Products route loads own list of 9 products and Creator controls.,evidence/navigation.md,,,No cleanup required
2026-09-30-01,PROD-003,search-miss-and-clear,1,"Product management, workspace and lifecycle",browser E2E,P1,CREATOR,,2026-09-30T09:54:58.390669+00:00,2026-09-30T09:54:58.390669+00:00,Pass,PROD-003,"Impossible search yields 0 products, query-specific no-match heading and Clear search. Clear search restores 9 products.",evidence/products.md,,,No cleanup required
2026-09-30-01,PROD-009,empty-title-create,1,"Product management, workspace and lifecycle",browser E2E,P1,CREATOR,,2026-09-30T09:55:12.283857+00:00,2026-09-30T09:55:12.283857+00:00,Pass,PROD-009,"New Product form defaults COURSE, empty Product title; Continue to Product workspace is disabled, preventing empty-title submission.",evidence/products.md,,,No cleanup required
2026-09-30-01,PROD-008,COURSE-create-reload,1,"Product management, workspace and lifecycle",browser E2E,P1,CREATOR,ddd5bb80-183e-48d5-84cd-8819ca082a58,2026-09-30T09:57:35.211189+00:00,2026-09-30T09:57:35.211189+00:00,Fail,PROD-008,Creation persisted DRAFT Course and opened Basics; reload produces blank page with React #300. Database confirms saved row/owner.,evidence/course-created.jpg;evidence/course-reload-blank.jpg;issues/BUG-001.md,BUG-001,,Retain test Course for retest
2026-09-30-01,PROD-011,COURSE-canonical-edit-via-overview,1,"Product management, workspace and lifecycle",browser E2E,P1,CREATOR,ddd5bb80-183e-48d5-84cd-8819ca082a58,2026-09-30T09:58:23.469626+00:00,2026-09-30T09:58:23.469626+00:00,Fail,PROD-011,"Saved Course Overview loads correctly with Sections 1/Lessons 0. Clicking Edit product navigates to canonical edit URL but application renders blank, reproducing BUG-001.",issues/BUG-001.md,BUG-001,,Retain test Course
2026-09-30-01,PROD-020,DOWNLOAD-missing-file-blocker-and-link,1,"Product management, workspace and lifecycle",browser E2E,P1,CREATOR,a7991427-a5f7-4e48-a241-0e1a82b52d68,2026-09-30T09:59:19.213711+00:00,2026-09-30T09:59:19.213711+00:00,Pass,PROD-020,"Publish opens Readiness, retains Draft, identifies Add at least one file blocker separately from Add a thumbnail warning. Blocker action opens Files.",evidence/download-readiness.jpg,,,Retain test Download
2026-09-30-01,PROD-012,DOWNLOAD-created-workspace-tabs,1,"Product management, workspace and lifecycle",browser E2E,P1,CREATOR,a7991427-a5f7-4e48-a241-0e1a82b52d68,2026-09-30T10:00:44.906597+00:00,2026-09-30T10:00:44.906597+00:00,Pass,PROD-012,"Fresh Download workspace exposes Basics, Pricing, Files, Media and Readiness. Files starts empty; Media has separate Thumbnail/Gallery/Promo controls; no Curriculum/Availability/Content tab.",evidence/products.md,,,Retain test Download
2026-09-30-01,PROD-017,DOWNLOAD-free-to-one-time-save,1,"Product management, workspace and lifecycle",browser E2E,P1,CREATOR,a7991427-a5f7-4e48-a241-0e1a82b52d68,2026-09-30T10:00:44.906842+00:00,2026-09-30T10:00:44.906842+00:00,Pass,PROD-017,"Free default; One-time accepts 12.50 and renders EUR12.50. Autosave persists 12.50, ONE_TIME, EUR in download_products. Reload and switch-back variants remain pending.",evidence/products.md,,,Retain test Download
2026-09-30-01,PROD-013,DOWNLOAD-rapid-shared-fields-persist,1,"Product management, workspace and lifecycle",browser E2E,P1,CREATOR,a7991427-a5f7-4e48-a241-0e1a82b52d68,2026-09-30T10:02:31.557984+00:00,2026-09-30T10:02:31.557984+00:00,Pass,PROD-013,"Rapid name A then B and description B persist latest values in database and reloaded Overview; price remains 12.50, empty content remains empty. Populated nested-content preservation not yet exercised.",evidence/products.md,,,Retain test Download
2026-09-30-01,PROD-031,DOWNLOAD-list-versus-overview-price,1,"Product management, workspace and lifecycle",browser E2E,P1,CREATOR,a7991427-a5f7-4e48-a241-0e1a82b52d68,2026-09-30T10:02:31.558229+00:00,2026-09-30T10:02:31.558229+00:00,Fail,PROD-031,"Saved database price 12.50 appears EUR12.50 on Products list but Price not set on Overview, including reload.",issues/BUG-002.md;evidence/download-overview-price.jpg,BUG-002,,Retain test Download
2026-09-30-01,PROD-018,CONSULTATION-zero-price-publish,1,"Product management, workspace and lifecycle",browser E2E,P1,CREATOR,3ebc8873-83aa-430b-8fe2-dad685c0a8d3,2026-09-30T10:04:07.489923+00:00,2026-09-30T10:04:07.489923+00:00,Pass,PROD-018,Pricing offers only One-time. Setting zero and clicking Publish opens Readiness with positive-price blocker and retains Draft.,evidence/products.md,,,Retain test Consultation
2026-09-30-01,PROD-023,CONSULTATION-publish-and-public-metadata,1,"Product management, workspace and lifecycle",browser E2E,P1,CREATOR,3ebc8873-83aa-430b-8fe2-dad685c0a8d3,2026-09-30T10:06:50.341896+00:00,2026-09-30T10:06:50.341896+00:00,Pass,PROD-023,"Configured PHONE/30min, price15, weekly windows and buffers. Publish succeeds without thumbnail; DB confirms PUBLISHED/15/30/PHONE/5min before/max3. Public page renders matching session metadata. Workspace reload remains separate BUG-001 risk; price display tracked by BUG-002.",evidence/consultation-published.jpg;evidence/products.md,,,Test Consultation PUBLISHED; retain for public-route tests
2026-09-30-01,PROD-030,CONSULTATION-after-publish-controls,1,"Product management, workspace and lifecycle",browser E2E,P1,CREATOR,3ebc8873-83aa-430b-8fe2-dad685c0a8d3,2026-09-30T10:06:50.342116+00:00,2026-09-30T10:06:50.342116+00:00,Pass,PROD-030,Successful publish changes header to Published; Published button disabled; no unpublish action exposed.,evidence/consultation-published.jpg,,,Retain test Consultation
2026-09-30-01,PROD-031,CONSULTATION-public-price,1,"Product management, workspace and lifecycle",browser E2E,P1,CREATOR,3ebc8873-83aa-430b-8fe2-dad685c0a8d3,2026-09-30T10:06:50.342185+00:00,2026-09-30T10:06:50.342185+00:00,Fail,PROD-031,Public Product page says Price unavailable while stored published price is 15 EUR. Session metadata renders correctly.,issues/BUG-002.md,BUG-002,,Retain test Consultation
2026-09-30-01,CONS-004,new-CONSULTATION-displayed-defaults,1,Consultation details and weekly availability,browser E2E,P1,CREATOR,3ebc8873-83aa-430b-8fe2-dad685c0a8d3,2026-09-30T10:06:50.342243+00:00,2026-09-30T10:06:50.342243+00:00,Needs clarification,CONS-004,"Availability displays 50min and five weekdays 09-17 before explicit edits, but Readiness says missing duration/weekly availability. DB duration was 0 after meeting-method save. Explicit duration and day edits allow publication; default display versus stored state needs acceptance decision.",evidence/products.md,,Catalog explicitly leaves defaults behavior under investigation; full no-edit reload is obstructed by BUG-001.,Retain test Consultation
2026-09-30-01,MEM-005,POST-empty-title-body,1,"Membership authoring, included Products and feed",browser E2E,P1,CREATOR,45fb192b-0393-4609-9c9f-736425adc550,2026-09-30T10:08:02.662473+00:00,2026-09-30T10:08:02.662473+00:00,Pass,MEM-005,Save in empty Post editor retains editor and shows Enter a post title and Write the member-only post body.,evidence/membership.md,,,Retain test Membership
2026-09-30-01,MEM-002,POST-create-edit-without-workspace-reload,1,"Membership authoring, included Products and feed",browser E2E,P1,CREATOR,45fb192b-0393-4609-9c9f-736425adc550,2026-09-30T10:09:20.422752+00:00,2026-09-30T10:09:20.422752+00:00,Pass,MEM-002,Create Post A then edit to Post B/body B succeeds; feed shows updated Draft Post. SQL persistence checked separately; reload variation remains pending because saved workspace reopen fails.,evidence/membership.md,,,Retain test Membership and Post
2026-09-30-01,PROD-019,MEMBERSHIP-YEAR-positive-save,1,"Product management, workspace and lifecycle",browser E2E,P1,CREATOR,45fb192b-0393-4609-9c9f-736425adc550,2026-09-30T10:10:49.422362+00:00,2026-09-30T10:10:49.422362+00:00,Pass,PROD-019,Set price9.99 and Yearly. SQL confirms 9.99/RECURRING/YEAR/DRAFT. No subscription created by authoring. MONTH and reload variants pending.,evidence/membership.md,,,Retain test Membership
2026-09-30-01,MEM-023,draft-to-published-POST-readiness,1,"Membership authoring, included Products and feed",browser E2E,P1,CREATOR,45fb192b-0393-4609-9c9f-736425adc550;4b03703a-73ea-4734-a866-d4a882dc3128,2026-09-30T10:10:49.422588+00:00,2026-09-30T10:10:49.422588+00:00,Pass,MEM-023,Draft Post causes published-content blocker and Draft warning; changing native Post to Published removes that blocker/warning. Membership Publish remains disabled even when local readiness is ready.,evidence/membership.md,,,Retain Membership/Post
2026-09-30-01,PROD-008,MEMBERSHIP-create-reload,1,"Product management, workspace and lifecycle",browser E2E,P1,CREATOR,45fb192b-0393-4609-9c9f-736425adc550,2026-09-30T10:11:22.054319+00:00,2026-09-30T10:11:22.054319+00:00,Fail,PROD-008,"Membership create persisted and fresh workspace supported authoring; reload rendered blank with React #300, same BUG-001.",evidence/membership-reload-blank.jpg;issues/BUG-001.md,BUG-001,,Retain Membership fixture
2026-09-30-01,NAV-002,GUEST-/app,1,"Routes, roles and navigation",browser E2E,P1,GUEST,,2026-09-30T10:13:26.825Z,2026-09-30T10:13:26.825Z,Pass,NAV-002,Independent in-app browser session has Log In/Register; direct /app resolves to /auth/login with Email/Password and Sign in.,evidence/guest-navigation.md,,,No cleanup required
2026-09-30-01,NAV-002,GUEST-/app/settings,1,"Routes, roles and navigation",browser E2E,P1,GUEST,,2026-09-30T10:13:49.483Z,2026-09-30T10:13:49.483Z,Pass,NAV-002,Direct /app/settings resolved to https://app.serious-debauchery.click/auth/login; login form visible=true,evidence/guest-navigation.md,,,No cleanup required
2026-09-30-01,NAV-002,GUEST-/app/cart,1,"Routes, roles and navigation",browser E2E,P1,GUEST,,2026-09-30T10:13:49.951Z,2026-09-30T10:13:49.951Z,Pass,NAV-002,Direct /app/cart resolved to https://app.serious-debauchery.click/auth/login; login form visible=true,evidence/guest-navigation.md,,,No cleanup required
2026-09-30-01,NAV-002,GUEST-/app/products,1,"Routes, roles and navigation",browser E2E,P1,GUEST,,2026-09-30T10:13:50.372Z,2026-09-30T10:13:50.372Z,Pass,NAV-002,Direct /app/products resolved to https://app.serious-debauchery.click/auth/login; login form visible=true,evidence/guest-navigation.md,,,No cleanup required
2026-09-30-01,NAV-002,GUEST-/app/products/create,1,"Routes, roles and navigation",browser E2E,P1,GUEST,,2026-09-30T10:13:50.675Z,2026-09-30T10:13:50.675Z,Pass,NAV-002,Direct /app/products/create resolved to https://app.serious-debauchery.click/auth/login; login form visible=true,evidence/guest-navigation.md,,,No cleanup required
2026-09-30-01,NAV-002,GUEST-/app/products/edit/ddd5bb80-183e-48d5-84cd-8819ca082a58,1,"Routes, roles and navigation",browser E2E,P1,GUEST,,2026-09-30T10:13:51.164Z,2026-09-30T10:13:51.164Z,Pass,NAV-002,Direct /app/products/edit/ddd5bb80-183e-48d5-84cd-8819ca082a58 resolved to https://app.serious-debauchery.click/auth/login; login form visible=true,evidence/guest-navigation.md,,,No cleanup required
2026-09-30-01,NAV-002,GUEST-/app/products/ddd5bb80-183e-48d5-84cd-8819ca082a58,1,"Routes, roles and navigation",browser E2E,P1,GUEST,,2026-09-30T10:13:51.634Z,2026-09-30T10:13:51.634Z,Pass,NAV-002,Direct /app/products/ddd5bb80-183e-48d5-84cd-8819ca082a58 resolved to https://app.serious-debauchery.click/auth/login; login form visible=true,evidence/guest-navigation.md,,,No cleanup required
2026-09-30-01,NAV-002,GUEST-/app/customers,1,"Routes, roles and navigation",browser E2E,P1,GUEST,,2026-09-30T10:13:52.062Z,2026-09-30T10:13:52.062Z,Pass,NAV-002,Direct /app/customers resolved to https://app.serious-debauchery.click/auth/login; login form visible=true,evidence/guest-navigation.md,,,No cleanup required
2026-09-30-01,NAV-002,GUEST-/app/sales,1,"Routes, roles and navigation",browser E2E,P1,GUEST,,2026-09-30T10:13:52.494Z,2026-09-30T10:13:52.494Z,Pass,NAV-002,Direct /app/sales resolved to https://app.serious-debauchery.click/auth/login; login form visible=true,evidence/guest-navigation.md,,,No cleanup required
2026-09-30-01,NAV-002,GUEST-/app/analytics,1,"Routes, roles and navigation",browser E2E,P1,GUEST,,2026-09-30T10:14:17.960Z,2026-09-30T10:14:17.960Z,Pass,NAV-002,Direct /app/analytics resolved to https://app.serious-debauchery.click/auth/login; login form visible=true,evidence/guest-navigation.md,,,No cleanup required
2026-09-30-01,NAV-002,GUEST-/app/storefront,1,"Routes, roles and navigation",browser E2E,P1,GUEST,,2026-09-30T10:14:18.428Z,2026-09-30T10:14:18.428Z,Pass,NAV-002,Direct /app/storefront resolved to https://app.serious-debauchery.click/auth/login; login form visible=true,evidence/guest-navigation.md,,,No cleanup required
2026-09-30-01,NAV-002,GUEST-/app/admin,1,"Routes, roles and navigation",browser E2E,P1,GUEST,,2026-09-30T10:14:18.870Z,2026-09-30T10:14:18.870Z,Pass,NAV-002,Direct /app/admin resolved to https://app.serious-debauchery.click/auth/login; login form visible=true,evidence/guest-navigation.md,,,No cleanup required
2026-09-30-01,NAV-002,GUEST-/app/admin/users,1,"Routes, roles and navigation",browser E2E,P1,GUEST,,2026-09-30T10:14:19.303Z,2026-09-30T10:14:19.303Z,Pass,NAV-002,Direct /app/admin/users resolved to https://app.serious-debauchery.click/auth/login; login form visible=true,evidence/guest-navigation.md,,,No cleanup required
2026-09-30-01,NAV-002,GUEST-/app/admin/products,1,"Routes, roles and navigation",browser E2E,P1,GUEST,,2026-09-30T10:14:19.778Z,2026-09-30T10:14:19.778Z,Pass,NAV-002,Direct /app/admin/products resolved to https://app.serious-debauchery.click/auth/login; login form visible=true,evidence/guest-navigation.md,,,No cleanup required
2026-09-30-01,NAV-002,GUEST-/app/admin/products/create,1,"Routes, roles and navigation",browser E2E,P1,GUEST,,2026-09-30T10:14:20.255Z,2026-09-30T10:14:20.255Z,Pass,NAV-002,Direct /app/admin/products/create resolved to https://app.serious-debauchery.click/auth/login; login form visible=true,evidence/guest-navigation.md,,,No cleanup required
2026-09-30-01,NAV-002,GUEST-/app/admin/audit,1,"Routes, roles and navigation",browser E2E,P1,GUEST,,2026-09-30T10:14:20.689Z,2026-09-30T10:14:20.689Z,Pass,NAV-002,Direct /app/admin/audit resolved to https://app.serious-debauchery.click/auth/login; login form visible=true,evidence/guest-navigation.md,,,No cleanup required
2026-09-30-01,NAV-002,GUEST-/app/library,1,"Routes, roles and navigation",browser E2E,P1,GUEST,,2026-09-30T10:14:21.156Z,2026-09-30T10:14:21.156Z,Pass,NAV-002,Direct /app/library resolved to https://app.serious-debauchery.click/auth/login; login form visible=true,evidence/guest-navigation.md,,,No cleanup required
2026-09-30-01,NAV-002,GUEST-/app/library/all-products,1,"Routes, roles and navigation",browser E2E,P1,GUEST,,2026-09-30T10:14:21.621Z,2026-09-30T10:14:21.621Z,Pass,NAV-002,Direct /app/library/all-products resolved to https://app.serious-debauchery.click/auth/login; login form visible=true,evidence/guest-navigation.md,,,No cleanup required
2026-09-30-01,NAV-002,GUEST-/app/library/my-courses,1,"Routes, roles and navigation",browser E2E,P1,GUEST,,2026-09-30T10:14:22.068Z,2026-09-30T10:14:22.068Z,Pass,NAV-002,Direct /app/library/my-courses resolved to https://app.serious-debauchery.click/auth/login; login form visible=true,evidence/guest-navigation.md,,,No cleanup required
2026-09-30-01,NAV-002,GUEST-/app/library/my-download-packages,1,"Routes, roles and navigation",browser E2E,P1,GUEST,,2026-09-30T10:14:22.564Z,2026-09-30T10:14:22.564Z,Pass,NAV-002,Direct /app/library/my-download-packages resolved to https://app.serious-debauchery.click/auth/login; login form visible=true,evidence/guest-navigation.md,,,No cleanup required
2026-09-30-01,NAV-002,GUEST-/app/library/my-consultation,1,"Routes, roles and navigation",browser E2E,P1,GUEST,,2026-09-30T10:14:23.106Z,2026-09-30T10:14:23.106Z,Pass,NAV-002,Direct /app/library/my-consultation resolved to https://app.serious-debauchery.click/auth/login; login form visible=true,evidence/guest-navigation.md,,,No cleanup required
2026-09-30-01,NAV-002,GUEST-/app/library/my-wishlist,1,"Routes, roles and navigation",browser E2E,P1,GUEST,,2026-09-30T10:14:23.536Z,2026-09-30T10:14:23.536Z,Pass,NAV-002,Direct /app/library/my-wishlist resolved to https://app.serious-debauchery.click/auth/login; login form visible=true,evidence/guest-navigation.md,,,No cleanup required
2026-09-30-01,NAV-002,GUEST-/app/my-page-preview,1,"Routes, roles and navigation",browser E2E,P1,GUEST,,2026-09-30T10:14:23.998Z,2026-09-30T10:14:23.998Z,Pass,NAV-002,Direct /app/my-page-preview resolved to https://app.serious-debauchery.click/auth/login; login form visible=true,evidence/guest-navigation.md,,,No cleanup required
2026-09-30-01,NAV-002,GUEST-/onboarding,1,"Routes, roles and navigation",browser E2E,P1,GUEST,,2026-09-30T10:14:24.444Z,2026-09-30T10:14:24.444Z,Pass,NAV-002,Direct /onboarding resolved to https://app.serious-debauchery.click/auth/login; login form visible=true,evidence/guest-navigation.md,,,No cleanup required
2026-09-30-01,NAV-002,GUEST-/app/products/ddd5bb80-183e-48d5-84cd-8819ca082a58/landing-page,1,"Routes, roles and navigation",browser E2E,P1,GUEST,,2026-09-30T10:14:24.904Z,2026-09-30T10:14:24.904Z,Pass,NAV-002,Direct /app/products/ddd5bb80-183e-48d5-84cd-8819ca082a58/landing-page resolved to https://app.serious-debauchery.click/auth/login; login form visible=true,evidence/guest-navigation.md,,,No cleanup required
2026-09-30-01,NAV-002,GUEST-/app/products/ddd5bb80-183e-48d5-84cd-8819ca082a58/preview,1,"Routes, roles and navigation",browser E2E,P1,GUEST,,2026-09-30T10:14:25.373Z,2026-09-30T10:14:25.373Z,Pass,NAV-002,Direct /app/products/ddd5bb80-183e-48d5-84cd-8819ca082a58/preview resolved to https://app.serious-debauchery.click/auth/login; login form visible=true,evidence/guest-navigation.md,,,No cleanup required
2026-09-30-01,NAV-002,GUEST-/app/products/edit/COURSE/ddd5bb80-183e-48d5-84cd-8819ca082a58,1,"Routes, roles and navigation",browser E2E,P1,GUEST,,2026-09-30T10:14:25.814Z,2026-09-30T10:14:25.814Z,Pass,NAV-002,Direct /app/products/edit/COURSE/ddd5bb80-183e-48d5-84cd-8819ca082a58 resolved to https://app.serious-debauchery.click/auth/login; login form visible=true,evidence/guest-navigation.md,,,No cleanup required
2026-09-30-01,NAV-002,GUEST-/app/customers/a1ebdc7a-d497-4334-9fed-309aec071b25,1,"Routes, roles and navigation",browser E2E,P1,GUEST,,2026-09-30T10:14:26.260Z,2026-09-30T10:14:26.260Z,Pass,NAV-002,Direct /app/customers/a1ebdc7a-d497-4334-9fed-309aec071b25 resolved to https://app.serious-debauchery.click/auth/login; login form visible=true,evidence/guest-navigation.md,,,No cleanup required
2026-09-30-01,DISC-015,GUEST-COURSE-DRAFT,1,"Explore, search and public Product pages",browser E2E,P1,GUEST,ddd5bb80-183e-48d5-84cd-8819ca082a58,2026-09-30T10:15:40.241Z,2026-09-30T10:15:40.241Z,Pass,DISC-015,"Draft Course public route shows Product unavailable / Access Denied, without Course content.",evidence/guest-navigation.md,,,No cleanup required
2026-09-30-01,STORE-001,GUEST-published-versus-draft-catalog,1,Public storefront and Creator storefront builder,browser E2E,P1,GUEST,a1ebdc7a-d497-4334-9fed-309aec071b25;3ebc8873-83aa-430b-8fe2-dad685c0a8d3,2026-09-30T10:16:09.011Z,2026-09-30T10:16:09.011Z,Pass,STORE-001,Public storefront shows only the published test Consultation priced EUR15; all owner Draft fixtures absent. Contact area empty; no login email displayed. HIDDEN and explicit-publicEmail variants not yet checked.,evidence/guest-storefront.jpg,,,No cleanup required
2026-09-30-01,STORE-001,GUEST-creator-name-null-suffix,1,Public storefront and Creator storefront builder,browser E2E,P1,GUEST,a1ebdc7a-d497-4334-9fed-309aec071b25,2026-09-30T10:16:09.011Z,2026-09-30T10:16:09.011Z,Fail,STORE-001,Public storefront heading and brand say Tamas Tyukodi null; logged-in Creator heading had Tamas Tyukodi. Same literal null suffix on public Product creator area.,evidence/guest-storefront.jpg;evidence/guest-consultation.jpg,BUG-003,,No cleanup required
2026-09-30-01,DISC-004,guest-creator-link,1,"Explore, search and public Product pages",browser E2E,P1,Guest,OWNER-A; Course ddd5bb80-183e-48d5-84cd-8819ca082a58,2026-09-30T10:23:51.690Z,2026-09-30T10:23:51.690Z,Fail,DISC-004,Creator button navigates /store/ownerId and renders a blank page. The same owner has a working /app/store/ownerId storefront. Acceptance clarified: visible Creator link must open that storefront.,evidence/explore-creator-link-blank.jpg,BUG-004,,No cleanup required
2026-09-30-01,DISC-005,guest-draft-summaries-api,1,"Explore, search and public Product pages",browser E2E,P1,Guest,Course; Download B; Membership; Consultation,2026-09-30T10:23:51.691Z,2026-09-30T10:23:51.691Z,Needs clarification,DISC-005,All four summary/search API variants return the three DRAFT fixtures and published Consultation. Full Draft Course read returns 403. Explore also displays these Draft summaries; product bodies are not proven exposed.,evidence/guest-summary-api.json,,Catalog leaves summary publication policy undefined; HIDDEN variation not available.,No cleanup required
2026-09-30-01,DISC-006,guest-one-character-visible-behavior,1,"Explore, search and public Product pages",browser E2E,P1,Guest,,2026-09-30T10:24:39.456Z,2026-09-30T10:24:39.456Z,Pass,DISC-006,Input Q produces no suggestion dropdown. Network request threshold not observable through this assertion.,,,,No cleanup required
2026-09-30-01,DISC-007,guest-keyboard-wrap-enter,1,"Explore, search and public Product pages",browser E2E,P1,Guest,,2026-09-30T10:25:09.747Z,2026-09-30T10:25:09.747Z,Pass,DISC-007,"ArrowDown selects Consultation, ArrowUp returns to first, ArrowUp wraps to Course with aria-selected=true. Enter navigates encoded Course title search, not detail.",,,,No cleanup required
2026-09-30-01,DISC-007,guest-pointer-selection,1,"Explore, search and public Product pages",browser E2E,P1,Guest,,2026-09-30T10:25:40.023Z,2026-09-30T10:25:40.023Z,Pass,DISC-007,Pointer selection of Consultation suggestion navigates encoded title search; one matching result displayed.,,,,No cleanup required
2026-09-30-01,DISC-020,guest-paid-add-deduplicate,1,"Explore, search and public Product pages",browser E2E,P1,Guest,Consultation 3ebc8873-83aa-430b-8fe2-dad685c0a8d3,2026-09-30T10:26:13.862Z,2026-09-30T10:26:13.862Z,Pass,DISC-020,"Add to cart changes to disabled Already in cart, preventing repeat addition. No charge or order created.",,,,One synthetic item remains in Guest local cart.
2026-09-30-01,DISC-020,guest-buy-now-auth-guard,1,"Explore, search and public Product pages",browser E2E,P1,Guest,,2026-09-30T10:26:49.943Z,2026-09-30T10:26:49.943Z,Pass,DISC-020,Buy now reaches /auth/login through guarded Cart route; Sign in form renders. No checkout or purchase submitted.,,,,Synthetic Guest cart item retained.
2026-09-30-01,CART-002,guest-route-return-persistence,1,"Cart, wishlist and browser checkout",browser E2E,P1,Guest,,2026-09-30T10:26:51.758Z,2026-09-30T10:26:51.758Z,Pass,CART-002,"After Buy now redirects to login and direct return to the Consultation, Already in cart remains disabled.",,,,One synthetic local Guest cart item.
2026-09-30-01,CART-002,guest-reload-persistence,1,"Cart, wishlist and browser checkout",browser E2E,P1,Guest,,2026-09-30T10:26:52.101Z,2026-09-30T10:26:52.101Z,Pass,CART-002,Full reload retains disabled Already in cart for synthetic Consultation. Account boundary not tested.,,,,One synthetic local Guest cart item.
2026-09-30-01,DISC-013,guest-consultation-legacy-mismatched-type,1,"Explore, search and public Product pages",browser E2E,P1,Guest,Consultation 3ebc8873-83aa-430b-8fe2-dad685c0a8d3,2026-09-30T10:27:54.221Z,2026-09-30T10:27:54.221Z,Pass,DISC-013,"Legacy route suffix COURSE still renders fetched Consultation and its session metadata. No course body, video or download URL rendered.",,,,No cleanup required
2026-09-30-01,DISC-009,guest-title-case-and-boundaries,1,"Explore, search and public Product pages",browser E2E,P1,Guest,,2026-09-30T10:28:09.597Z,2026-09-30T10:28:09.597Z,Pass,DISC-009,"Lowercase run prefix returns all four synthetic products, newest Membership first. Single-page Prev and Next disabled. Pagination/reload page2 still pending.",,,,No cleanup required
2026-09-30-01,DISC-010,guest-no-match,1,"Explore, search and public Product pages",browser E2E,P1,Guest,,2026-09-30T10:28:21.478Z,2026-09-30T10:28:21.478Z,Pass,DISC-010,Distinctive impossible term shows No products found and zero cards; old matching results cleared. Failure variant pending.,,,,No cleanup required
2026-09-30-01,DISC-015,guest-draft-download,1,"Explore, search and public Product pages",browser E2E,P1,Guest,Download a7991427-a5f7-4e48-a241-0e1a82b52d68,2026-09-30T10:28:41.032Z,2026-09-30T10:28:41.032Z,Pass,DISC-015,Draft Download public page shows Product unavailable / Access Denied; no content displayed.,,,,No cleanup required
2026-09-30-01,DISC-015,guest-draft-membership,1,"Explore, search and public Product pages",browser E2E,P1,Guest,Membership 45fb192b-0393-4609-9c9f-736425adc550,2026-09-30T10:28:41.487Z,2026-09-30T10:28:41.487Z,Pass,DISC-015,Draft Membership public page shows Product unavailable / Access Denied; native published Post is not displayed.,,,,No cleanup required
2026-09-30-01,PROD-001,creator-four-type-list-labels,1,"Product management, workspace and lifecycle",browser E2E,P1,CREATOR,,2026-09-30T10:29:10.563Z,2026-09-30T10:29:10.563Z,Pass,PROD-001,"Four synthetic records show Course Draft Free, Download Draft €12.50, Consultation Published €15, Membership Draft €9.99 / year, with Sep30 updated labels. Missing-price and Hidden fixtures pending.",,,,No cleanup required
2026-09-30-01,PROD-002,creator-combined-name-type-status,1,"Product management, workspace and lifecycle",browser E2E,P1,CREATOR,,2026-09-30T10:29:10.617Z,2026-09-30T10:29:10.617Z,Pass,PROD-002,Name prefix + Download type + Draft status yields exactly one synthetic Download B. No other products shown.,,,,No cleanup required
2026-09-30-01,PROD-002,creator-sort-name-a-z,1,"Product management, workspace and lifecycle",browser E2E,P1,CREATOR,,2026-09-30T10:29:41.503Z,2026-09-30T10:29:41.503Z,Pass,PROD-002,Four synthetic fixtures sorted correctly by Name A-Z; order observed against their known creation/save sequence.,,,,No cleanup required
2026-09-30-01,PROD-002,creator-sort-name-z-a,1,"Product management, workspace and lifecycle",browser E2E,P1,CREATOR,,2026-09-30T10:29:41.503Z,2026-09-30T10:29:41.503Z,Pass,PROD-002,Four synthetic fixtures sorted correctly by Name Z-A; order observed against their known creation/save sequence.,,,,No cleanup required
2026-09-30-01,PROD-002,creator-sort-newest,1,"Product management, workspace and lifecycle",browser E2E,P1,CREATOR,,2026-09-30T10:29:41.504Z,2026-09-30T10:29:41.504Z,Pass,PROD-002,Four synthetic fixtures sorted correctly by Newest; order observed against their known creation/save sequence.,,,,No cleanup required
2026-09-30-01,PROD-002,creator-sort-oldest,1,"Product management, workspace and lifecycle",browser E2E,P1,CREATOR,,2026-09-30T10:29:41.504Z,2026-09-30T10:29:41.504Z,Pass,PROD-002,Four synthetic fixtures sorted correctly by Oldest; order observed against their known creation/save sequence.,,,,No cleanup required
2026-09-30-01,PROD-002,creator-sort-recently-updated,1,"Product management, workspace and lifecycle",browser E2E,P1,CREATOR,,2026-09-30T10:29:41.504Z,2026-09-30T10:29:41.504Z,Pass,PROD-002,Four synthetic fixtures sorted correctly by Recently updated; order observed against their known creation/save sequence.,,,,No cleanup required
2026-09-30-01,PROD-002,creator-clear-refinements,1,"Product management, workspace and lifecycle",browser E2E,P1,CREATOR,,2026-09-30T10:29:41.825Z,2026-09-30T10:29:41.825Z,Pass,PROD-002,Clear filters resets search/type/status and restores all13 own products.,,,,No cleanup required
2026-09-30-01,PROD-011,download-overview-edit-reopen,1,"Product management, workspace and lifecycle",browser E2E,P1,CREATOR,Download a7991427-a5f7-4e48-a241-0e1a82b52d68,2026-09-30T10:30:15.713Z,2026-09-30T10:30:15.713Z,Fail,PROD-011,Saved Download Overview Edit product opens canonical edit route but renders blank with React error300.,evidence/download-reopen-blank.jpg,BUG-001,,No cleanup required
2026-09-30-01,PROD-011,consultation-overview-edit-reopen,1,"Product management, workspace and lifecycle",browser E2E,P1,CREATOR,Consultation 3ebc8873-83aa-430b-8fe2-dad685c0a8d3,2026-09-30T10:31:02.160Z,2026-09-30T10:31:02.160Z,Fail,PROD-011,Saved Consultation Overview Edit product renders blank with React error300. Published object remains available publicly.,evidence/consultation-reopen-blank.jpg,BUG-001,,No cleanup required
2026-09-30-01,SALES-007,creator-true-empty,1,Creator Sales and order detail,browser E2E,P1,CREATOR,,2026-09-30T10:32:10.920Z,2026-09-30T10:32:10.920Z,Pass,SALES-007,"Sales initial state shows zero summary values,0 orders, No sales yet, and View products link.",,,,No cleanup required
2026-09-30-01,SALES-007,creator-search-miss-clear,1,Creator Sales and order detail,browser E2E,P1,CREATOR,,2026-09-30T10:32:22.492Z,2026-09-30T10:32:22.492Z,Pass,SALES-007,Impossible search shows No orders match the term with Clear search and Clear filters. Clear search restores No sales yet.,,,,No cleanup required
2026-09-30-01,SALES-007,creator-filter-miss-clear,1,Creator Sales and order detail,browser E2E,P1,CREATOR,,2026-09-30T10:32:36.851Z,2026-09-30T10:32:36.851Z,Pass,SALES-007,Paid filter with no orders shows No orders match these filters. Clear filters resets status to All statuses and restores No sales yet.,,,,No cleanup required
2026-09-30-01,ANALYTICS-006,creator-membership-absence-display,1,Creator Analytics and Dashboard,browser E2E,P1,CREATOR,,2026-09-30T10:33:40.084Z,2026-09-30T10:33:40.084Z,Needs clarification,ANALYTICS-006,"Membership section displays No membership data yet / Membership analytics can be omitted when no membership products exist, despite one Draft Membership fixture. No fabricated active/churn counts rendered. Local server always supplies null summary/empty series.",,,Catalog expects explicit unavailable presentation; current copy could be interpreted as missing history rather than unsupported metrics.,No cleanup required
2026-09-30-01,ANALYTICS-001,creator-orders-toggle-empty-history,1,Creator Analytics and Dashboard,browser E2E,P1,CREATOR,,2026-09-30T10:33:43.447Z,2026-09-30T10:33:43.447Z,Pass,ANALYTICS-001,Orders toggle sets aria-pressed=true and changes chart label to Orders performance chart; zero-history fixture only.,,,,No cleanup required
2026-09-30-01,ANALYTICS-001,creator-period-7d-empty-history,1,Creator Analytics and Dashboard,browser E2E,P1,CREATOR,,2026-09-30T10:35:14.250Z,2026-09-30T10:35:14.250Z,Pass,ANALYTICS-001,Last7days selection updates Performance and Customer growth period descriptions to7days; Orders toggle remains selected. UTC event boundary assertions need deterministic history.,,,,No cleanup required
2026-09-30-01,ANALYTICS-001,creator-period-90d-empty-history,1,Creator Analytics and Dashboard,browser E2E,P1,CREATOR,,2026-09-30T10:35:14.422Z,2026-09-30T10:35:14.422Z,Pass,ANALYTICS-001,Last90days selection updates Performance period to90days; zero-history values retained. Deterministic revenue/history assertions pending.,,,,No cleanup required
2026-09-30-01,ANALYTICS-001,creator-revenue-toggle-empty-history,1,Creator Analytics and Dashboard,browser E2E,P1,CREATOR,,2026-09-30T10:35:14.745Z,2026-09-30T10:35:14.745Z,Pass,ANALYTICS-001,Revenue toggle restores Revenue performance chart and pressed state.,,,,No cleanup required
2026-09-30-01,ANALYTICS-009,creator-current-greeting-metric-links,1,Creator Analytics and Dashboard,browser E2E,P1,CREATOR,,2026-09-30T10:37:02.973Z,2026-09-30T10:37:02.973Z,Pass,ANALYTICS-009,"Local afternoon greeting names current Creator. Revenue and Sales links target Sales, Customers targets Customers. Active memberships explicitly Unavailable. Other clock/name fixtures pending.",,,,No cleanup required
2026-09-30-01,ANALYTICS-010,creator-product-activity-empty-revenue,1,Creator Analytics and Dashboard,browser E2E,P1,CREATOR,,2026-09-30T10:37:02.973Z,2026-09-30T10:37:02.973Z,Pass,ANALYTICS-010,Recent activity lists four synthetic product updates first in save order and10 total entries. Top products explains revenue data unavailable; no fabricated ranking. Paid-history ranking assertions pending.,,,,No cleanup required
2026-09-30-01,ANALYTICS-011,creator-multiple-drafts-attention,1,Creator Analytics and Dashboard,browser E2E,P1,CREATOR,,2026-09-30T10:37:17.645Z,2026-09-30T10:37:17.645Z,Pass,ANALYTICS-011,Review Products for12 drafts opens Products list. List initially has All statuses and13 records; case permits list for multiple relevant products.,,,,No cleanup required
2026-09-30-01,ANALYTICS-011,creator-one-missing-image-attention,1,Creator Analytics and Dashboard,browser E2E,P1,CREATOR,Consultation 3ebc8873-83aa-430b-8fe2-dad685c0a8d3,2026-09-30T10:38:24.844Z,2026-09-30T10:38:24.844Z,Fail,ANALYTICS-011,"Add images for single published missing-image Product navigates its canonical editor, which renders blank due to known workspace defect.",evidence/consultation-reopen-blank.jpg,BUG-001,,No cleanup required
2026-09-30-01,NAV-006,admin-home,1,"Routes, roles and navigation",browser E2E,P1,ADMIN,,2026-09-30T10:40:21.243Z,2026-09-30T10:40:21.243Z,Pass,NAV-006,"After role switch, /app loads Admin home and sidebar account badge ADMIN.",,,,No cleanup required
2026-09-30-01,NAV-005,admin-deny-customers-after-switch,1,"Routes, roles and navigation",browser E2E,P1,ADMIN,,2026-09-30T10:40:21.243Z,2026-09-30T10:40:21.243Z,Pass,NAV-005,Role switch while at Creator Customers ends at unauthorized page with401 heading and Login link.,,,,No cleanup required
2026-09-30-01,SEC-001,no-cookie-api-user-userInfo,1,"Session, API security and feature flags",API integration,P0,Guest,,2026-09-30T10:41:37.056189+00:00,2026-09-30T10:41:37.056189+00:00,Pass,SEC-001,/api/user/userInfo returns401 with empty body under no-cookie; no private data returned. Expired valid-signature cookie and real order-ID variants pending.,evidence/guest-authentication-api.json,,,No cleanup required
2026-09-30-01,SEC-001,no-cookie-api-entitlements-me,1,"Session, API security and feature flags",API integration,P0,Guest,,2026-09-30T10:41:37.056460+00:00,2026-09-30T10:41:37.056460+00:00,Pass,SEC-001,/api/entitlements/me returns401 with empty body under no-cookie; no private data returned. Expired valid-signature cookie and real order-ID variants pending.,evidence/guest-authentication-api.json,,,No cleanup required
2026-09-30-01,SEC-001,no-cookie-api-admin-users,1,"Session, API security and feature flags",API integration,P0,Guest,,2026-09-30T10:41:37.056780+00:00,2026-09-30T10:41:37.056780+00:00,Pass,SEC-001,/api/admin/users returns401 with empty body under no-cookie; no private data returned. Expired valid-signature cookie and real order-ID variants pending.,evidence/guest-authentication-api.json,,,No cleanup required
2026-09-30-01,SEC-001,no-cookie-root,1,"Session, API security and feature flags",API integration,P0,Guest,,2026-09-30T10:41:37.056848+00:00,2026-09-30T10:41:37.056848+00:00,Pass,SEC-001,/ returns401 with empty body under no-cookie; no private data returned. Expired valid-signature cookie and real order-ID variants pending.,evidence/guest-authentication-api.json,,,No cleanup required
2026-09-30-01,SEC-001,malformed-cookie-api-user-userInfo,1,"Session, API security and feature flags",API integration,P0,Guest,,2026-09-30T10:41:37.056904+00:00,2026-09-30T10:41:37.056904+00:00,Pass,SEC-001,/api/user/userInfo returns401 with empty body under malformed-cookie; no private data returned. Expired valid-signature cookie and real order-ID variants pending.,evidence/guest-authentication-api.json,,,No cleanup required
2026-09-30-01,SEC-001,malformed-cookie-api-entitlements-me,1,"Session, API security and feature flags",API integration,P0,Guest,,2026-09-30T10:41:37.056957+00:00,2026-09-30T10:41:37.056957+00:00,Pass,SEC-001,/api/entitlements/me returns401 with empty body under malformed-cookie; no private data returned. Expired valid-signature cookie and real order-ID variants pending.,evidence/guest-authentication-api.json,,,No cleanup required
2026-09-30-01,SEC-001,malformed-cookie-api-admin-users,1,"Session, API security and feature flags",API integration,P0,Guest,,2026-09-30T10:41:37.057007+00:00,2026-09-30T10:41:37.057007+00:00,Pass,SEC-001,/api/admin/users returns401 with empty body under malformed-cookie; no private data returned. Expired valid-signature cookie and real order-ID variants pending.,evidence/guest-authentication-api.json,,,No cleanup required
2026-09-30-01,SEC-001,malformed-cookie-root,1,"Session, API security and feature flags",API integration,P0,Guest,,2026-09-30T10:41:37.057058+00:00,2026-09-30T10:41:37.057058+00:00,Pass,SEC-001,/ returns401 with empty body under malformed-cookie; no private data returned. Expired valid-signature cookie and real order-ID variants pending.,evidence/guest-authentication-api.json,,,No cleanup required
2026-09-30-01,ADMIN-002,admin-current-account-name-role-search,1,"Administration, roles and audit",browser E2E,P0,ADMIN,,2026-09-30T10:42:16.726Z,2026-09-30T10:42:16.726Z,Pass,ADMIN-002,Combined name search and ADMIN role yields one authorized-account row. Previous/Next disabled at Page1of1. No other accounts modified.,,,,No cleanup required
2026-09-30-01,ADMIN-012,admin-users-no-result,1,"Administration, roles and audit",browser E2E,P0,ADMIN,,2026-09-30T10:42:43.393Z,2026-09-30T10:42:43.393Z,Pass,ADMIN-012,"Impossible user search finishes loading, clears rows and retains an empty table with disabled pagination. No fabricated rows. Transport failure/delay variants pending.",,,,No cleanup required
2026-09-30-01,ADMIN-007,admin-synthetic-prefix-owner-filter,1,"Administration, roles and audit",browser E2E,P0,ADMIN,,2026-09-30T10:43:18.231Z,2026-09-30T10:43:18.231Z,Pass,ADMIN-007,"Name prefix + exact owner UUID returns the four synthetic summaries, correct statuses/types/prices. Page1of1 boundaries disabled; full multiowner paging pending.",,,,No cleanup required
2026-09-30-01,ADMIN-008,admin-missing-owner-create-disabled,1,"Administration, roles and audit",browser E2E,P0,ADMIN,,2026-09-30T10:43:18.232Z,2026-09-30T10:43:18.232Z,Pass,ADMIN-008,"With Creator owner placeholder selected, Create product disabled. Selector offers Creator-role accounts and excludes current ADMIN owner. No assignment submitted.",,,,No cleanup required
2026-09-30-01,ADMIN-007,admin-combined-four-filters,1,"Administration, roles and audit",browser E2E,P0,ADMIN,,2026-09-30T10:43:30.182Z,2026-09-30T10:43:30.182Z,Pass,ADMIN-007,Synthetic name prefix + owner UUID + CONSULTATION + PUBLISHED yields exactly the synthetic Consultation row.,,,,No cleanup required
2026-09-30-01,ADMIN-009,admin-published-view,1,"Administration, roles and audit",browser E2E,P0,ADMIN,,2026-09-30T10:43:47.966Z,2026-09-30T10:43:47.966Z,Pass,ADMIN-009,Admin View opens published Consultation page with metadata and Edit product action. Existing price display defect remains BUG-002.,,,,No cleanup required
2026-09-30-01,DISC-019,admin-published-edit-affordance,1,"Explore, search and public Product pages",browser E2E,P1,ADMIN,,2026-09-30T10:43:47.967Z,2026-09-30T10:43:47.967Z,Pass,DISC-019,Published Consultation offers Edit product instead of buyer Add/Buy controls for Admin; no purchase required for metadata access.,,,,No cleanup required
2026-09-30-01,DISC-015,admin-draft-course-public-guard,1,"Explore, search and public Product pages",browser E2E,P1,ADMIN,,2026-09-30T10:44:29.136Z,2026-09-30T10:44:29.136Z,Pass,DISC-015,Admin full API access does not bypass public page lifecycle guard: Product unavailable / This Product is not publicly available.,,,,No cleanup required
2026-09-30-01,ADMIN-009,admin-draft-public-view-denied,1,"Administration, roles and audit",browser E2E,P0,ADMIN,,2026-09-30T10:44:29.136Z,2026-09-30T10:44:29.136Z,Pass,ADMIN-009,Draft Course public route is unavailable despite Admin session; no private management preview conflated.,,,,No cleanup required
2026-09-30-01,NAV-005,admin-deny-sales,1,"Routes, roles and navigation",browser E2E,P1,ADMIN,,2026-09-30T10:45:07.571Z,2026-09-30T10:45:07.571Z,Pass,NAV-005,/app/sales denied with401 Unauthorized and Login link; Creator-only gate enforced.,,,,No cleanup required
2026-09-30-01,NAV-005,admin-deny-analytics,1,"Routes, roles and navigation",browser E2E,P1,ADMIN,,2026-09-30T10:45:08.168Z,2026-09-30T10:45:08.168Z,Pass,NAV-005,/app/analytics denied with401 Unauthorized and Login link; Creator-only gate enforced.,,,,No cleanup required
2026-09-30-01,NAV-005,admin-deny-storefront,1,"Routes, roles and navigation",browser E2E,P1,ADMIN,,2026-09-30T10:45:08.722Z,2026-09-30T10:45:08.722Z,Pass,NAV-005,/app/storefront denied with401 Unauthorized and Login link; Creator-only gate enforced.,,,,No cleanup required
2026-09-30-01,NAV-005,admin-deny-customers-a1ebdc7a-d497-4334-9fed-309aec071b25,1,"Routes, roles and navigation",browser E2E,P1,ADMIN,,2026-09-30T10:45:09.293Z,2026-09-30T10:45:09.293Z,Pass,NAV-005,/app/customers/a1ebdc7a-d497-4334-9fed-309aec071b25 denied with401 Unauthorized and Login link; Creator-only gate enforced.,,,,No cleanup required
2026-09-30-01,NAV-005,admin-library-all-products,1,"Routes, roles and navigation",browser E2E,P1,ADMIN,,2026-09-30T10:46:07.106Z,2026-09-30T10:46:07.106Z,Pass,NAV-005,My Library All products renders empty state without role denial.,,,,No cleanup required
2026-09-30-01,NAV-005,admin-library-my-courses,1,"Routes, roles and navigation",browser E2E,P1,ADMIN,,2026-09-30T10:46:07.195Z,2026-09-30T10:46:07.195Z,Pass,NAV-005,Library Courses tab selects and routes to corresponding child without role denial.,,,,No cleanup required
2026-09-30-01,NAV-005,admin-library-my-download-packages,1,"Routes, roles and navigation",browser E2E,P1,ADMIN,,2026-09-30T10:46:07.272Z,2026-09-30T10:46:07.272Z,Pass,NAV-005,Library Download Packages tab selects and routes to corresponding child without role denial.,,,,No cleanup required
2026-09-30-01,NAV-005,admin-library-my-consultation,1,"Routes, roles and navigation",browser E2E,P1,ADMIN,,2026-09-30T10:46:07.333Z,2026-09-30T10:46:07.333Z,Pass,NAV-005,Library Consultation sessions tab selects and routes to corresponding child without role denial.,,,,No cleanup required
2026-09-30-01,NAV-005,admin-library-my-wishlist,1,"Routes, roles and navigation",browser E2E,P1,ADMIN,,2026-09-30T10:46:07.391Z,2026-09-30T10:46:07.391Z,Pass,NAV-005,Library Wishlist tab selects and routes to corresponding child without role denial.,,,,No cleanup required
2026-09-30-01,ADMIN-011,admin-synthetic-target-no-events,1,"Administration, roles and audit",browser E2E,P0,ADMIN,,2026-09-30T10:46:53.756Z,2026-09-30T10:46:53.756Z,Pass,ADMIN-011,Audit target ID filter for Creator-created synthetic Course finishes with zero data rows; both pagination boundaries disabled. Positive audited-operation history pending.,,,,No cleanup required
2026-09-30-01,ADMIN-001,admin-home-management-tiles,1,"Administration, roles and audit",browser E2E,P0,ADMIN,,2026-09-30T10:46:53.757Z,2026-09-30T10:46:53.757Z,Pass,ADMIN-001,"Admin home Users, Products and Audit tiles each navigate matching management pages. Creator-only report routes tested separately deny.",,,,No cleanup required
2026-09-30-01,ACCESS-007,admin-library-courses-selected-state,1,"Entitlements, Library and protected delivery",browser E2E,P0,ADMIN,,2026-09-30T10:48:04.670Z,2026-09-30T10:48:04.670Z,Fail,ACCESS-007,"After stable navigation to my-courses, All products remains aria-selected=true while Courses=false. CSS route highlight and URL work; accessibility selection is wrong. Entitlement filtering assertions remain pending.",evidence/library-tab-selection.md; evidence/library-courses-tab.jpg,BUG-005,,No cleanup required
2026-09-30-01,NAV-005,admin-cart,1,"Routes, roles and navigation",browser E2E,P1,ADMIN,,2026-09-30T10:49:10.655Z,2026-09-30T10:49:10.655Z,Pass,NAV-005,Shopping Cart renders empty state without role denial; no purchase submitted.,,,,No cleanup required
2026-09-30-01,NAV-005,admin-settings,1,"Routes, roles and navigation",browser E2E,P1,ADMIN,,2026-09-30T10:49:33.225Z,2026-09-30T10:49:33.225Z,Pass,NAV-005,Settings route renders Public Profile and seven settings tabs under Admin; no settings changed.,,,,No cleanup required
2026-09-30-01,NAV-005,admin-products-create-route,1,"Routes, roles and navigation",browser E2E,P1,ADMIN,,2026-09-30T10:50:16.987Z,2026-09-30T10:50:16.987Z,Pass,NAV-005,Direct Admin create route loads Create product type/title form. Missing owner submit behavior tested separately.,,,,No cleanup required
2026-09-30-01,ADMIN-008,admin-direct-create-missing-owner-rejection,1,"Administration, roles and audit",browser E2E,P0,ADMIN,,2026-09-30T10:50:43.056Z,2026-09-30T10:50:43.056Z,Pass,ADMIN-008,Direct create route without ownerId permits filling title but submission remains on creation form with Access Denied alert; no workspace success shown.,evidence/admin-missing-owner-rejected.jpg,,,No cleanup required
2026-09-30-01,NAV-006,user-home,1,"Routes, roles and navigation",browser E2E,P1,USER,,2026-09-30T10:52:06.137Z,2026-09-30T10:52:06.137Z,Pass,NAV-006,Role cycle USER persists in DB; /app renders current User home with Library/cart/wishlist navigation.,evidence/user-home.jpg,,,No cleanup required
2026-09-30-01,NAV-003,user-deny-products,1,"Routes, roles and navigation",browser E2E,P1,USER,,2026-09-30T10:52:07.169Z,2026-09-30T10:52:07.169Z,Pass,NAV-003,/app/products denied with401 Unauthorized heading and Login link.,,,,No cleanup required
2026-09-30-01,NAV-003,user-deny-products-create,1,"Routes, roles and navigation",browser E2E,P1,USER,,2026-09-30T10:52:07.808Z,2026-09-30T10:52:07.808Z,Pass,NAV-003,/app/products/create denied with401 Unauthorized heading and Login link.,,,,No cleanup required
2026-09-30-01,NAV-003,user-deny-products-edit-ddd5bb80-183e-48d5-84cd-8819ca082a58,1,"Routes, roles and navigation",browser E2E,P1,USER,,2026-09-30T10:52:08.406Z,2026-09-30T10:52:08.406Z,Pass,NAV-003,/app/products/edit/ddd5bb80-183e-48d5-84cd-8819ca082a58 denied with401 Unauthorized heading and Login link.,,,,No cleanup required
2026-09-30-01,NAV-003,user-deny-products-ddd5bb80-183e-48d5-84cd-8819ca082a58,1,"Routes, roles and navigation",browser E2E,P1,USER,,2026-09-30T10:52:09.307Z,2026-09-30T10:52:09.307Z,Pass,NAV-003,/app/products/ddd5bb80-183e-48d5-84cd-8819ca082a58 denied with401 Unauthorized heading and Login link.,,,,No cleanup required
2026-09-30-01,NAV-003,user-deny-customers,1,"Routes, roles and navigation",browser E2E,P1,USER,,2026-09-30T10:52:10.052Z,2026-09-30T10:52:10.052Z,Pass,NAV-003,/app/customers denied with401 Unauthorized heading and Login link.,,,,No cleanup required
2026-09-30-01,NAV-003,user-deny-customers-a1ebdc7a-d497-4334-9fed-309aec071b25,1,"Routes, roles and navigation",browser E2E,P1,USER,,2026-09-30T10:52:10.801Z,2026-09-30T10:52:10.801Z,Pass,NAV-003,/app/customers/a1ebdc7a-d497-4334-9fed-309aec071b25 denied with401 Unauthorized heading and Login link.,,,,No cleanup required
2026-09-30-01,NAV-003,user-deny-sales,1,"Routes, roles and navigation",browser E2E,P1,USER,,2026-09-30T10:52:11.625Z,2026-09-30T10:52:11.625Z,Pass,NAV-003,/app/sales denied with401 Unauthorized heading and Login link.,,,,No cleanup required
2026-09-30-01,NAV-003,user-deny-analytics,1,"Routes, roles and navigation",browser E2E,P1,USER,,2026-09-30T10:52:12.433Z,2026-09-30T10:52:12.433Z,Pass,NAV-003,/app/analytics denied with401 Unauthorized heading and Login link.,,,,No cleanup required
2026-09-30-01,NAV-003,user-deny-storefront,1,"Routes, roles and navigation",browser E2E,P1,USER,,2026-09-30T10:52:13.198Z,2026-09-30T10:52:13.198Z,Pass,NAV-003,/app/storefront denied with401 Unauthorized heading and Login link.,,,,No cleanup required
2026-09-30-01,NAV-003,user-deny-admin,1,"Routes, roles and navigation",browser E2E,P1,USER,,2026-09-30T10:52:13.850Z,2026-09-30T10:52:13.850Z,Pass,NAV-003,/app/admin denied with401 Unauthorized heading and Login link.,,,,No cleanup required
2026-09-30-01,NAV-003,user-deny-admin-users,1,"Routes, roles and navigation",browser E2E,P1,USER,,2026-09-30T10:52:14.614Z,2026-09-30T10:52:14.614Z,Pass,NAV-003,/app/admin/users denied with401 Unauthorized heading and Login link.,,,,No cleanup required
2026-09-30-01,NAV-003,user-deny-admin-products,1,"Routes, roles and navigation",browser E2E,P1,USER,,2026-09-30T10:52:15.380Z,2026-09-30T10:52:15.380Z,Pass,NAV-003,/app/admin/products denied with401 Unauthorized heading and Login link.,,,,No cleanup required
2026-09-30-01,NAV-003,user-deny-admin-products-create,1,"Routes, roles and navigation",browser E2E,P1,USER,,2026-09-30T10:52:15.893Z,2026-09-30T10:52:15.893Z,Pass,NAV-003,/app/admin/products/create denied with401 Unauthorized heading and Login link.,,,,No cleanup required
2026-09-30-01,NAV-003,user-deny-admin-audit,1,"Routes, roles and navigation",browser E2E,P1,USER,,2026-09-30T10:52:16.888Z,2026-09-30T10:52:16.888Z,Pass,NAV-003,/app/admin/audit denied with401 Unauthorized heading and Login link.,,,,No cleanup required
2026-09-30-01,CART-003,user-explore-wishlist-on-off,1,"Cart, wishlist and browser checkout",browser E2E,P1,USER,Consultation,2026-09-30T10:53:20.160Z,2026-09-30T10:53:20.160Z,Pass,CART-003,Wishlist heart changes label Add/Remove and aria-pressed false->true->false for synthetic Consultation.,,,,No cleanup required
2026-09-30-01,CART-003,user-wishlist-reload-persistence,1,"Cart, wishlist and browser checkout",browser E2E,P1,USER,,2026-09-30T10:53:47.367Z,2026-09-30T10:53:47.367Z,Pass,CART-003,"Wishlist navigation reaches my-wishlist, synthetic Consultation card remains after full reload; no backend entitlement implied.",,,,One synthetic Wishlist item.
2026-09-30-01,CART-019,user-synthetic-placeholder-rating,1,"Cart, wishlist and browser checkout",browser E2E,P1,USER,,2026-09-30T10:54:57.737Z,2026-09-30T10:54:57.737Z,Pass,CART-019,"Fresh synthetic Consultation Wishlist displays hardcoded4.7/32,025 ratings. Local component literal confirms placeholder presentation, not actual reviews. Product-change variant pending.",evidence/user-wishlist.jpg,,,No cleanup required
2026-09-30-01,CART-004,user-move-absent-item-persist,1,"Cart, wishlist and browser checkout",browser E2E,P1,USER,,2026-09-30T10:56:45.537Z,2026-09-30T10:56:45.537Z,Pass,CART-004,Move to cart removes synthetic Consultation from Wishlist; reload retains empty Wishlist and cart popover contains one Consultation at15. No checkout submitted.,,,,One synthetic cart item.
2026-09-30-01,ACCESS-007,user-wishlist-selected-state,1,"Entitlements, Library and protected delivery",browser E2E,P0,USER,,2026-09-30T10:56:45.538Z,2026-09-30T10:56:45.538Z,Fail,ACCESS-007,"Stable my-wishlist route still announces All products selected, Wishlist false; same accessibility defect as Admin.",evidence/user-wishlist.jpg,BUG-005,,No cleanup required
2026-09-30-01,CART-024,user-own-consultation-rejection,1,"Cart, wishlist and browser checkout",browser E2E,P1,USER,Consultation 3ebc8873-83aa-430b-8fe2-dad685c0a8d3,2026-09-30T10:59:51.107Z,2026-09-30T10:59:51.107Z,Pass,CART-024,"Proceed to checkout shows You cannot buy your own product toast, keeps one cart item and15 total. Local validation returns before paid checkout dispatch; no purchase completed.",,,,No cleanup required
2026-09-30-01,CART-004,user-already-cart-wishlist-disabled,1,"Cart, wishlist and browser checkout",browser E2E,P1,USER,,2026-09-30T11:02:28.015Z,2026-09-30T11:02:28.015Z,Pass,CART-004,Synthetic Consultation present in both collections yields disabled Already in cart on Wishlist; duplicate move blocked.,,,,Consultation in both local collections.
2026-09-30-01,NAV-015,user-cart-explore-native-link,1,"Routes, roles and navigation",browser E2E,P1,USER,,2026-09-30T11:03:19.593Z,2026-09-30T11:03:19.593Z,Pass,NAV-015,Cart Explore link navigates /app/explore using native AX click. Two semantic locator clicks had no navigation; treated as tool limitation rather than app defect.,,,,No cleanup required
2026-09-30-01,CART-018,user-dropdown-add-does-not-add,1,"Cart, wishlist and browser checkout",browser E2E,P1,USER,,2026-09-30T11:03:45.669Z,2026-09-30T11:03:45.669Z,Fail,CART-018,Wishlist Download B absent from cart. Dropdown Add to cart navigates Shopping Cart but cart remains only Consultation15; Download remains Wishlist. Acceptance clarified from visible action label: Add to cart must add the selected item.,evidence/wishlist-dropdown-no-add.jpg,BUG-006,,Consultation cart; Download Wishlist.
2026-09-30-01,CART-018,user-library-move-comparison,1,"Cart, wishlist and browser checkout",browser E2E,P1,USER,,2026-09-30T11:05:05.989Z,2026-09-30T11:05:05.989Z,Pass,CART-018,Library Move to cart adds Download B12.5 and removes Wishlist entry; Cart has Consultation15 + Download12.5 total27.5.,,,,Two synthetic cart items; Wishlist empty.
2026-09-30-01,CART-001,user-two-paid-total,1,"Cart, wishlist and browser checkout",browser E2E,P1,USER,,2026-09-30T11:05:05.990Z,2026-09-30T11:05:05.990Z,Pass,CART-001,Cart sums synthetic15 +12.5 to27.5; exactly two product cards rendered.,,,,No cleanup required
2026-09-30-01,CART-001,user-free-plus-paid-total-dedup,1,"Cart, wishlist and browser checkout",browser E2E,P1,USER,,2026-09-30T11:05:31.444Z,2026-09-30T11:05:31.444Z,Pass,CART-001,"Adding0-priced Course produces three cards and unchanged27.5 total. Explore button becomes disabled Already in cart, preventing duplicate addition.",,,,No cleanup required
2026-09-30-01,CART-008,user-mixed-cart-rejection,1,"Cart, wishlist and browser checkout",browser E2E,P1,USER,,2026-09-30T11:05:31.743Z,2026-09-30T11:05:31.743Z,Pass,CART-008,"Mixed0/12.5/15 cart shows split-cart message inline and after checkout click; three cards retained, no successful checkout state.",,,,No cleanup required
2026-09-30-01,CART-001,user-remove-middle,1,"Cart, wishlist and browser checkout",browser E2E,P1,USER,,2026-09-30T11:06:32.338Z,2026-09-30T11:06:32.338Z,Pass,CART-001,"Remove middle Download from3-item cart leaves Consultation+Course, total15.",,,,No cleanup required
2026-09-30-01,CART-001,user-remove-index-zero,1,"Cart, wishlist and browser checkout",browser E2E,P1,USER,,2026-09-30T11:06:32.629Z,2026-09-30T11:06:32.629Z,Pass,CART-001,"Remove first/index0 Consultation succeeds; only0-priced Course remains, total0.",,,,No cleanup required
2026-09-30-01,CART-001,user-remove-last-empty,1,"Cart, wishlist and browser checkout",browser E2E,P1,USER,,2026-09-30T11:06:32.936Z,2026-09-30T11:06:32.936Z,Pass,CART-001,Removing last Course produces empty Cart; numeric total/purchase panel removed.,,,,Owner local Cart and Wishlist empty.
2026-09-30-01,CART-002,user-empty-after-removal-reload,1,"Cart, wishlist and browser checkout",browser E2E,P1,USER,,2026-09-30T11:06:34.302Z,2026-09-30T11:06:34.302Z,Pass,CART-002,Full reload preserves empty owner Cart after synthetic removals.,,,,Owner local Cart and Wishlist empty.
2026-09-30-01,CART-020,user-membership-browser-rejection,1,"Cart, wishlist and browser checkout",browser E2E,P1,USER,Membership 45fb192b-0393-4609-9c9f-736425adc550,2026-09-30T11:07:26.044Z,2026-09-30T11:07:26.044Z,Pass,CART-020,"Positive9.99 Membership checkout shows Membership checkout is not available yet toast; cart retained, no successful checkout.",,,,No cleanup required
2026-09-30-01,NAV-003,user-settings-allowed,1,"Routes, roles and navigation",browser E2E,P1,USER,,2026-09-30T11:07:26.797Z,2026-09-30T11:07:26.797Z,Pass,NAV-003,User Settings renders Public Profile; no profile changes submitted.,,,,No cleanup required
2026-09-30-01,NAV-003,user-deny-my-page-preview,1,"Routes, roles and navigation",browser E2E,P1,USER,,2026-09-30T11:09:42.671Z,2026-09-30T11:09:42.671Z,Pass,NAV-003,/app/my-page-preview denied with401 Unauthorized and Login link.,,,,No cleanup required
2026-09-30-01,NAV-003,user-deny-products-ddd5bb80-183e-48d5-84cd-8819ca082a58-landing-page,1,"Routes, roles and navigation",browser E2E,P1,USER,,2026-09-30T11:09:43.145Z,2026-09-30T11:09:43.145Z,Pass,NAV-003,/app/products/ddd5bb80-183e-48d5-84cd-8819ca082a58/landing-page denied with401 Unauthorized and Login link.,,,,No cleanup required
2026-09-30-01,NAV-003,user-deny-products-ddd5bb80-183e-48d5-84cd-8819ca082a58-preview,1,"Routes, roles and navigation",browser E2E,P1,USER,,2026-09-30T11:09:43.604Z,2026-09-30T11:09:43.604Z,Pass,NAV-003,/app/products/ddd5bb80-183e-48d5-84cd-8819ca082a58/preview denied with401 Unauthorized and Login link.,,,,No cleanup required
2026-09-30-01,NAV-003,user-deny-products-edit-COURSE-ddd5bb80-183e-48d5-84cd-8819ca082a58,1,"Routes, roles and navigation",browser E2E,P1,USER,,2026-09-30T11:09:44.061Z,2026-09-30T11:09:44.061Z,Pass,NAV-003,/app/products/edit/COURSE/ddd5bb80-183e-48d5-84cd-8819ca082a58 denied with401 Unauthorized and Login link.,,,,No cleanup required
2026-09-30-01,NAV-003,user-library-all-products,1,"Routes, roles and navigation",browser E2E,P1,USER,,2026-09-30T11:09:44.523Z,2026-09-30T11:09:44.523Z,Pass,NAV-003,Library all-products route renders its empty state under User session without role denial.,,,,No cleanup required
2026-09-30-01,ACCESS-009,user-empty-all-products,1,"Entitlements, Library and protected delivery",browser E2E,P0,USER,,2026-09-30T11:09:44.524Z,2026-09-30T11:09:44.524Z,Pass,ACCESS-009,No-entitlement all-products section renders explicit empty copy and no fabricated cards. Failure/delayed-response variations pending.,,,,No cleanup required
2026-09-30-01,NAV-003,user-library-my-courses,1,"Routes, roles and navigation",browser E2E,P1,USER,,2026-09-30T11:09:44.983Z,2026-09-30T11:09:44.983Z,Pass,NAV-003,Library my-courses route renders its empty state under User session without role denial.,,,,No cleanup required
2026-09-30-01,ACCESS-009,user-empty-my-courses,1,"Entitlements, Library and protected delivery",browser E2E,P0,USER,,2026-09-30T11:09:44.984Z,2026-09-30T11:09:44.984Z,Pass,ACCESS-009,No-entitlement my-courses section renders explicit empty copy and no fabricated cards. Failure/delayed-response variations pending.,,,,No cleanup required
2026-09-30-01,NAV-003,user-library-my-download-packages,1,"Routes, roles and navigation",browser E2E,P1,USER,,2026-09-30T11:09:45.434Z,2026-09-30T11:09:45.434Z,Pass,NAV-003,Library my-download-packages route renders its empty state under User session without role denial.,,,,No cleanup required
2026-09-30-01,ACCESS-009,user-empty-my-download-packages,1,"Entitlements, Library and protected delivery",browser E2E,P0,USER,,2026-09-30T11:09:45.435Z,2026-09-30T11:09:45.435Z,Pass,ACCESS-009,No-entitlement my-download-packages section renders explicit empty copy and no fabricated cards. Failure/delayed-response variations pending.,,,,No cleanup required
2026-09-30-01,NAV-003,user-library-my-consultation,1,"Routes, roles and navigation",browser E2E,P1,USER,,2026-09-30T11:09:45.890Z,2026-09-30T11:09:45.890Z,Pass,NAV-003,Library my-consultation route renders its empty state under User session without role denial.,,,,No cleanup required
2026-09-30-01,ACCESS-009,user-empty-my-consultation,1,"Entitlements, Library and protected delivery",browser E2E,P0,USER,,2026-09-30T11:09:45.890Z,2026-09-30T11:09:45.890Z,Pass,ACCESS-009,No-entitlement my-consultation section renders explicit empty copy and no fabricated cards. Failure/delayed-response variations pending.,,,,No cleanup required
2026-09-30-01,NAV-003,user-library-my-wishlist,1,"Routes, roles and navigation",browser E2E,P1,USER,,2026-09-30T11:09:46.244Z,2026-09-30T11:09:46.244Z,Pass,NAV-003,Library my-wishlist route renders its empty state under User session without role denial.,,,,No cleanup required
2026-09-30-01,NAV-003,user-cart-allowed,1,"Routes, roles and navigation",browser E2E,P1,USER,,2026-09-30T11:10:25.541Z,2026-09-30T11:10:25.541Z,Pass,NAV-003,User Cart rendered synthetic items and empty state during completed Cart journeys; route permits User.,,,,No cleanup required
2026-09-30-01,AUTH-008,guest-invalid-token-false-success,1,"Registration, sign-in and account recovery",browser E2E,P1,Guest,,2026-09-30T11:15:24.784Z,2026-09-30T11:15:24.784Z,Fail,AUTH-008,"Unique invalid token settles on Email verified! UI. Same token backend GET returns400 Invalid token. Initial loading copy misleadingly says Invalid verification link, then changes to success.",evidence/invalid-token-success.jpg; evidence/invalid-verification-api.json,BUG-007,,No cleanup required
2026-09-30-01,AUTH-007,guest-missing-token,1,"Registration, sign-in and account recovery",browser E2E,P1,Guest,,2026-09-30T11:15:25.450Z,2026-09-30T11:15:25.450Z,Pass,AUTH-007,Missing token shows Invalid verification link; no success or account change.,,,,No cleanup required
2026-09-30-01,AUTH-011,guest-blank-email-password,1,"Registration, sign-in and account recovery",browser E2E,P1,Guest,,2026-09-30T11:16:28.590Z,2026-09-30T11:16:28.590Z,Pass,AUTH-011,"Blank Sign in submission shows Email is required and Password is required, stays on login.",,,,No cleanup required
2026-09-30-01,AUTH-011,guest-malformed-email,1,"Registration, sign-in and account recovery",browser E2E,P1,Guest,,2026-09-30T11:18:57.731Z,2026-09-30T11:18:57.731Z,Pass,AUTH-011,"Native Sign in activation with malformed synthetic email shows Invalid email format; required password error clears after synthetic input. Semantic click had stale validation feedback, so native action established outcome.",,,,No cleanup required
2026-09-30-01,AUTH-002,guest-all-blank-browser-validation,1,"Registration, sign-in and account recovery",browser E2E,P1,Guest,,2026-09-30T11:20:20.117Z,2026-09-30T11:20:20.117Z,Pass,AUTH-002,"Native Sign Up activation with all fields empty shows browser Please fill in this field and focuses First Name; stays on signup, no account created. Other invalid combinations pending.",,,,No cleanup required
2026-09-30-01,NAV-007,guest-alias-signin,1,"Routes, roles and navigation",browser E2E,P1,Guest,,2026-09-30T11:20:20.938Z,2026-09-30T11:20:20.938Z,Pass,NAV-007,"/signin replaces to /auth/login retaining query/hash. Back returns prior baseline directly, consistent with replacement. Verification outcome assessed separately.",,,,No cleanup required
2026-09-30-01,NAV-007,guest-alias-login,1,"Routes, roles and navigation",browser E2E,P1,Guest,,2026-09-30T11:20:21.216Z,2026-09-30T11:20:21.216Z,Pass,NAV-007,"/login replaces to /auth/login retaining query/hash. Back returns prior baseline directly, consistent with replacement. Verification outcome assessed separately.",,,,No cleanup required
2026-09-30-01,NAV-007,guest-alias-signup,1,"Routes, roles and navigation",browser E2E,P1,Guest,,2026-09-30T11:20:21.485Z,2026-09-30T11:20:21.485Z,Pass,NAV-007,"/signup replaces to /auth/signup retaining query/hash. Back returns prior baseline directly, consistent with replacement. Verification outcome assessed separately.",,,,No cleanup required
2026-09-30-01,NAV-007,guest-alias-verify-email,1,"Routes, roles and navigation",browser E2E,P1,Guest,,2026-09-30T11:20:21.751Z,2026-09-30T11:20:21.751Z,Pass,NAV-007,"/verify-email replaces to /auth/verify-email retaining query/hash. Back returns prior baseline directly, consistent with replacement. Verification outcome assessed separately.",,,,No cleanup required
2026-09-30-01,NAV-007,guest-alias-email-sent,1,"Routes, roles and navigation",browser E2E,P1,Guest,,2026-09-30T11:20:22.023Z,2026-09-30T11:20:22.023Z,Pass,NAV-007,"/email-sent replaces to /auth/email-sent retaining query/hash. Back returns prior baseline directly, consistent with replacement. Verification outcome assessed separately.",,,,No cleanup required
2026-09-30-01,NAV-007,guest-alias-forgot-password,1,"Routes, roles and navigation",browser E2E,P1,Guest,,2026-09-30T11:20:22.292Z,2026-09-30T11:20:22.292Z,Pass,NAV-007,"/forgot-password replaces to /auth/forgot-password retaining query/hash. Back returns prior baseline directly, consistent with replacement. Verification outcome assessed separately.",,,,No cleanup required
2026-09-30-01,AUTH-023,guest-unused-email-api,1,"Registration, sign-in and account recovery",API integration,P0,Guest,,2026-09-30T11:25:04.319361+00:00,2026-09-30T11:25:04.319361+00:00,Pass,AUTH-023,Random unused .invalid email login returns404 No account with email and no Set-Cookie headers. Synthetic credential only; owner credentials not used.,evidence/unknown-email-login-api.json,,,No cleanup required
2026-09-30-01,SEC-002,guest-testEndpoint,1,"Session, API security and feature flags",API integration,P0,Guest,,2026-09-30T11:26:53.949893+00:00,2026-09-30T11:26:53.949893+00:00,Pass,SEC-002,"/testEndpoint returns200 without cookies. Resource visibility assessed separately; response shapes saved, no whole catalog/private records exported.",evidence/public-endpoint-matrix.json,,,No cleanup required
2026-09-30-01,SEC-002,guest-api-products-get-all-products-min,1,"Session, API security and feature flags",API integration,P0,Guest,,2026-09-30T11:26:53.950132+00:00,2026-09-30T11:26:53.950132+00:00,Pass,SEC-002,"/api/products/get-all-products-min returns200 without cookies. Resource visibility assessed separately; response shapes saved, no whole catalog/private records exported.",evidence/public-endpoint-matrix.json,,,No cleanup required
2026-09-30-01,SEC-002,guest-api-products-search,1,"Session, API security and feature flags",API integration,P0,Guest,,2026-09-30T11:26:53.950215+00:00,2026-09-30T11:26:53.950215+00:00,Pass,SEC-002,"/api/products/search?term=QA-2026-09-30-01 returns200 without cookies. Resource visibility assessed separately; response shapes saved, no whole catalog/private records exported.",evidence/public-endpoint-matrix.json,,,No cleanup required
2026-09-30-01,SEC-002,guest-api-products-3ebc8873-83aa-430b-8fe2-dad685c0a8d3,1,"Session, API security and feature flags",API integration,P0,Guest,,2026-09-30T11:26:53.950282+00:00,2026-09-30T11:26:53.950282+00:00,Pass,SEC-002,"/api/products/3ebc8873-83aa-430b-8fe2-dad685c0a8d3 returns200 without cookies. Resource visibility assessed separately; response shapes saved, no whole catalog/private records exported.",evidence/public-endpoint-matrix.json,,,No cleanup required
2026-09-30-01,SEC-002,guest-api-storefronts-a1ebdc7a-d497-4334-9fed-309aec071b25,1,"Session, API security and feature flags",API integration,P0,Guest,,2026-09-30T11:26:53.950345+00:00,2026-09-30T11:26:53.950345+00:00,Pass,SEC-002,"/api/storefronts/a1ebdc7a-d497-4334-9fed-309aec071b25 returns200 without cookies. Resource visibility assessed separately; response shapes saved, no whole catalog/private records exported.",evidence/public-endpoint-matrix.json,,,No cleanup required
2026-09-30-01,SEC-002,guest-api-calendars-providers,1,"Session, API security and feature flags",API integration,P0,Guest,,2026-09-30T11:26:53.950407+00:00,2026-09-30T11:26:53.950407+00:00,Pass,SEC-002,"/api/calendars/providers returns200 without cookies. Resource visibility assessed separately; response shapes saved, no whole catalog/private records exported.",evidence/public-endpoint-matrix.json,,,No cleanup required
2026-09-30-01,ENV-012,guest-public-diagnostic,1,"Deployed dependencies, configuration and persistence boundaries",API integration,P1,Guest,,2026-09-30T11:26:53.950470+00:00,2026-09-30T11:26:53.950470+00:00,Pass,ENV-012,/testEndpoint returns200 fixed diagnostic string Still now working mate. This does not establish external dependency health.,evidence/public-endpoint-matrix.json,,,No cleanup required
2026-09-30-01,ENV-012,guest-root-denial,1,"Deployed dependencies, configuration and persistence boundaries",API integration,P1,Guest,,2026-09-30T11:26:53.950530+00:00,2026-09-30T11:26:53.950530+00:00,Pass,ENV-012,Root GET without cookies returns401 empty body. Authenticated root variation pending.,evidence/guest-authentication-api.json,,,No cleanup required
2026-09-30-01,CUSTOM-004,creator-current-service-unavailable,1,Creator Customers and customer detail,browser E2E,P1,CREATOR,,2026-09-30T13:24:17.024Z,2026-09-30T13:24:17.024Z,Pass,CUSTOM-004,"Settled Creator Customers displays Customer data is not available yet and connection guidance, with no fabricated rows or refinements. This verifies unavailable presentation only; no-relationship and no-match states remain untested.",evidence/customers-unavailable.jpg,,,No cleanup required
2026-09-30-01,PROF-005,creator-bio-29-save,1,"Profile, onboarding and Settings",browser E2E,P1,CREATOR,,2026-09-30T13:27:32.727Z,2026-09-30T13:27:32.727Z,Fail,PROF-005,"Entered 29-character Bio, blurred to Title, clicked Save. No minimum-length error appeared; Product created successfully toast appeared with invalid Bio retained.",,BUG-008,,Local edits only; reload planned
2026-09-30-01,PROF-005,creator-tagline-9-and-invalid-website-save,1,"Profile, onboarding and Settings",browser E2E,P1,CREATOR,,2026-09-30T13:28:16.113Z,2026-09-30T13:28:16.113Z,Fail,PROF-005,Nine-character Tagline and malformed Website remain after blur and Save with no validation errors. Bio29 also still present.,evidence/profile-invalid-values.json,BUG-008,,Local edits only; reload planned
2026-09-30-01,PROF-005,creator-bio-251-tagline-121-save,1,"Profile, onboarding and Settings",browser E2E,P1,CREATOR,,2026-09-30T13:29:04.537Z,2026-09-30T13:29:04.537Z,Fail,PROF-005,Bio accepted251 characters despite displayed250 limit; Tagline accepted121. Blur and Save show no bound errors and success toast.,evidence/profile-upper-boundaries.json,BUG-008,,Local edits only; reload planned
2026-09-30-01,PROF-004,creator-local-save-reload,1,"Profile, onboarding and Settings",browser E2E,P1,CREATOR,,2026-09-30T13:31:07.829841+00:00,2026-09-30T13:31:07.829841+00:00,Blocked,PROF-004,"Valid synthetic profile text remained locally after Save. Read-only DB still has empty Bio/Tagline/Website and unchanged title. Reload and native Retry hit ERR_CONNECTION_RESET, preventing visible rehydration verification.",evidence/connectivity-blocker.json,,Frontend/API connection resets interrupt reload assertion.,Local synthetic edits lost when document unloaded; no DB profile mutation observed.
